id,Question,Informational,Guidance oriented,Institutional,Conversational
1, 'What is the exam schedule/timetable?',The exam schedule is shared in the WhatsApp community group by the Head of Department. It is also available on the college website and on the notice board. Here's the link for Examination Datesheet: https://www.npgc.in/StudentSupport-Datesheet.aspx,"You can find the exam schedule in the WhatsApp community group shared by the Head of Department. It is also published on the college website, and updates are posted on the notice board. Here's the link for Examination Datesheet: https://www.npgc.in/StudentSupport-Datesheet.aspx",The examination schedule is communicated by the Head of Department through the WhatsApp community group. It can also be accessed on the college website or checked on the notice board. Here's the link for Examination Datesheet: https://www.npgc.in/StudentSupport-Datesheet.aspx,The Head of Department usually shares the exam schedule in the WhatsApp community group. You can also check the college website or the notice board for the latest updates. Here's the link for Examination Datesheet: https://www.npgc.in/StudentSupport-Datesheet.aspx
2,What are diploma courses offered?',"The college offers the following diploma and postgraduate diploma courses: Advanced Diploma in Analytical Techniques & Instrumental Analysis, Advanced Diploma in Data Analytics, Office Automation & E-Governance under Community College, Banking & Finance under Community College, Post Graduation Diploma in Retail Management, and Post Graduation Diploma in Remote Sensing & GIS.","The college provides a range of diploma and postgraduate diploma programs, including Advanced Diploma in Analytical Techniques & Instrumental Analysis, Advanced Diploma in Data Analytics, Office Automation & E-Governance under Community College, Banking & Finance under Community College, Post Graduation Diploma in Retail Management, and Post Graduation Diploma in Remote Sensing & GIS.",The institution offers the following diploma and postgraduate diploma programmes: Advanced Diploma in Analytical Techniques & Instrumental Analysis; Advanced Diploma in Data Analytics; Office Automation & E-Governance under Community College; Banking & Finance under Community College; Post Graduation Diploma in Retail Management; and Post Graduation Diploma in Remote Sensing & GIS.,"The college offers several diploma courses, such as Advanced Diploma in Analytical Techniques & Instrumental Analysis, Advanced Diploma in Data Analytics, Office Automation & E-Governance and Banking & Finance under the Community College, as well as Post Graduation Diploma programs in Retail Management and Remote Sensing & GIS."
3,'How to see/check result on website?'," To check the results, navigate to the college website, tap the three lines on the side of the blue bar, go to Student Corner, select the Results option, and enter your Student ID. Link for results: https://result.npgc.in/","You can view your results by visiting the college website, tapping the three lines on the blue bar, selecting Student Corner, choosing the Results option, and entering your Student ID. Link for results: https://result.npgc.in/","Students may access their results by visiting the college website, selecting the three-line menu on the blue bar, navigating to Student Corner, choosing the Results option, and entering their Student ID. Link for results: https://result.npgc.in/","To see your results, go to the college website, tap the three-line menu on the blue bar, open Student Corner, select Results, and enter your Student ID.  Link for results: https://result.npgc.in/                                                                                                      "
4,how to apply for backpaper?',"","","",""
5,'How do I get the marksheet?',Students can collect their marksheet from Counter No. 6 in the administrative department. An old library card or ID card may be required for verification,Students may retrieve their marksheet from Counter No. 6 at the administrative department. Please note that you may be asked to show your old library card or ID card.,Students are informed that marksheets can be obtained from Counter No. 6 of the administrative department. Submission of an old library card or ID card may be required.,"You can collect your marksheet from Counter No. 6 in the administrative department. Just make sure to carry your old library card or ID card, as it may be needed."
6,how to fill the examination form?',First-year students must fill and submit the examination form in the college. Senior students can fill and submit the examination form online through the college website. The related instructions are available on the ID and password page. Here's the link for Examination Form: https://exam.npgc.in/,"If you are a first-year student, the examination form needs to be filled and submitted at the college. Senior students can complete and submit the form online on the college website, and the instructions are provided on the ID and password page. Here's the link for Examination Form: https://exam.npgc.in/","For first-year students, the examination form must be filled and submitted at the college. Senior students are permitted to fill and submit the examination form online through the college website. Instructions regarding the process are mentioned on the ID and password page. Here's the link for Examination Form: https://exam.npgc.in/",First-year students need to fill out and submit the examination form in college. Senior students can do this online through the college website. You’ll find the instructions on the ID and password page. Here's the link for Examination Form: https://exam.npgc.in/
7, 'what is the marks distribution of the exams?',"For theory subjects, the semester-end examination carries 70 marks and internal assessment carries 30 marks, which includes a written test of 20 marks, attendance of 5 marks, and behavioural conduct of 5 marks. For practical subjects, the semester-end practical examination carries 70 marks and internal assessment carries 30 marks, which includes internal practical of 20 marks, viva-voce of 5 marks, and practical file of 5 marks. The grading system follows CBCS with letter grades and grade points on a 10-point scale. For more information, visit https://www.npgc.in/Academics-ExamAssesCBCS.aspx","In theory subjects, students are evaluated through a 70-mark semester-end examination and a 30-mark internal assessment consisting of a written test (20 marks), attendance (5 marks), and behavioural conduct (5 marks). For practical subjects, evaluation includes a 70-mark semester-end practical examination and a 30-mark internal assessment comprising internal practical (20 marks), viva-voce (5 marks), and practical file (5 marks). The college follows the CBCS grading system with letter grades and grade points based on a 10-point scale. For more information, visit https://www.npgc.in/Academics-ExamAssesCBCS.aspx","The evaluation scheme for theory subjects includes a semester-end examination of 70 marks and an internal assessment of 30 marks, comprising a written test (20 marks), attendance (5 marks), and behavioural conduct (5 marks). For practical subjects, assessment consists of a semester-end practical examination of 70 marks and an internal assessment of 30 marks, including internal practical (20 marks), viva-voce (5 marks), and practical file (5 marks). Grading is conducted under the CBCS system using letter grades and grade points on a 10-point scale. For more information, visit https://www.npgc.in/Academics-ExamAssesCBCS.aspx","For theory subjects, you’ll have a 70-mark semester-end exam and 30 marks for internal assessment, which includes a written test, attendance, and behavioural conduct. Practical subjects also have a 70-mark semester-end practical exam and 30 marks for internal assessment, covering internal practicals, viva-voce, and the practical file. The college follows the CBCS grading system with letter grades on a 10-point scale. For more information, visit https://www.npgc.in/Academics-ExamAssesCBCS.aspx"
8,how can I apply for reevaluation of marks?',"","","",""
9,When are internal assessments conducted?',"Internal tests are conducted twice in a semester before the final external examinations. Each test usually covers two units and is conducted for 20 marks. For more information on exams and assessments, visit https://www.npgc.in/Academics-ExamAssesCBCS.aspx","The college conducts two internal tests in each semester before the final external exams. Each internal test generally includes two units and is evaluated for 20 marks. For more information on exams and assessments, visit https://www.npgc.in/Academics-ExamAssesCBCS.aspx","Internal tests are conducted twice during each semester prior to the final external examinations. Each test typically covers two units and carries a total of 20 marks. For more information on exams and assessments, visit https://www.npgc.in/Academics-ExamAssesCBCS.aspx","There are two internal tests in each semester before the final external exams. Each test usually covers two units and is held for 20 marks. For more information on exams and assessments, visit https://www.npgc.in/Academics-ExamAssesCBCS.aspx"
10,'whom to contact for exam related issues?',Any exam-related problem can be resolved by consulting your subject teacher or the Head of Department.,"If you face any issues related to exams, you can easily get them resolved by speaking with your subject teacher or the Head of Department.",Students encountering any examination-related issues are advised to consult their respective subject teacher or the Head of Department for resolution.,"If you have any questions or problems about exams, just reach out to your subject teacher or the Head of Department—they’ll be able to help."
11, 'How to apply for leave officially?',"Students may submit a written application to the Head of Department, send it through a friend, or email it to the department’s email ID.","You can submit your application by writing to the Head of Department, sending it through one of your friends, or emailing it to the department’s official email ID.","Students are permitted to submit a written application addressed to the Head of Department either in person, through a representative, or via the department’s official email ID.","You can apply by submitting a written application to the HOD, sending it through a friend, or emailing it to the department’s email ID."
12,what is the minimum attendance required?',The minimum attendance requirement is 75% per semester for all students.,All students are required to maintain a minimum attendance of 75% in each semester.,A minimum attendance of 75% per semester is mandatory for all students.,You need to have at least 75% attendance in each semester.
13,'what are the exam rules?',All rules for the examination hall are mentioned in the examination form or on your admit card. Students are advised to read them carefully and follow them.,The rules that must be followed in the exam hall are listed in your examination form or admit card. Make sure to read them thoroughly and adhere to them during exams.,Students are informed that all regulations pertaining to conduct in the examination hall are detailed in the examination form or on the admit card. Strict compliance with these rules is expected.,All the exam hall rules are mentioned in your exam form or admit card. Make sure you read them carefully and follow them during the exam.
14,does medical leave counts in attendance?',Students with attendance below the mandatory 75% are required to submit an application along with a medical certificate.,"If your attendance is less than the mandatory 75%, you must submit an application and provide a medical certificate to the college",Students whose attendance falls below the prescribed 75% are expected to submit an application accompanied by a medical certificate for consideration.,"If your attendance is under 75%, you need to submit an application and a medical certificate to explain your absence."
15, 'What happens in case of attendance shortage?',"Students must submit an application along with a medical certificate if their attendance is below the mandatory 75%. If a medical certificate is not provided, an additional fee may be charged, the admit card issuance may be delayed or restricted, and the student may not be permitted to fill out the scholarship form.","If your attendance is below the required 75%, you are required to submit an application and a medical certificate. In case the medical certificate is not submitted, you may be charged an additional fee, your admit card issuance could be delayed or affected, and you may not be allowed to apply for a scholarship.","Students whose attendance falls below the mandatory requirement of 75% are required to submit an application along with a valid medical certificate. Failure to submit the medical certificate may result in the imposition of an additional fee, delay or restriction in the issuance of the admit card, and ineligibility to fill the scholarship form.","If your attendance is under 75%, you’ll need to submit an application along with a medical certificate. If the medical certificate is not submitted, you might have to pay an extra fee, your admit card could be delayed or held up, and you may not be able to fill out the scholarship form."
16,how can i get my id card?',The ID card can be issued at Counter Number 4.,You can get your ID card issued at Counter Number 4.,The issuance of ID cards is carried out at Counter Number 4.,You can collect your ID card from Counter Number 4.
17, 'how can I check my attendance?',Students’ attendance records are maintained in a register. Students may ask the teacher for their attendance percentage for a specific subject. The attendance percentage is calculated at the end of each month.,"Attendance for each subject is recorded in a register. If you want to know your attendance percentage, you can request it from the concerned teacher. Attendance percentages are calculated at the end of every month.",Student attendance is recorded in an official register. Students may approach the respective teacher to obtain their attendance percentage for a particular subject. Attendance percentages are computed at the end of each month.,"Your attendance is recorded in a register for each subject. You can ask your teacher for your attendance percentage anytime, and the percentage is calculated at the end of every month."
18, 'what documents are required for admission?',"Applicants are required to attach self-attested copies of the following documents with their application: Pass Certificate and Marksheet of Class X (10th), Pass Certificate and Marksheet of Class XII (12th), Marksheet of the last examination passed, proof of not taking admission elsewhere along with a notarized declaration of no legal issues (if the qualifying examination was passed in the specified earlier years), Character Certificate from the Head of the last institution attended (original to be submitted at the time of counseling), Character Certificate from the Superintendent of Police, District Magistrate, or Gazetted Officer for private candidates (certified after the specified date), and an attested copy of the Caste Certificate or CMO Certificate for reserved category applicants (original to be produced during counseling). For more information on admission procedure, visit https://www.npgc.in/Admission-Procedures.aspx","While submitting the application, applicants should ensure that self-attested copies of all required documents are attached. These include Class X and Class XII pass certificates and marksheets, the marksheet of the last examination passed, and, where applicable, proof of not taking admission elsewhere along with a notarized declaration regarding no legal issues. A Character Certificate from the Head of the last institution attended is required, with the original to be submitted during counseling. Private candidates must provide a Character Certificate issued by the Superintendent of Police, District Magistrate, or a Gazetted Officer after the specified date. Applicants applying under a reserved category must also attach an attested copy of the relevant Caste or CMO Certificate, with the original to be shown at counseling. For more information on admission procedure, visit https://www.npgc.in/Admission-Procedures.aspx","All applicants must submit self-attested copies of the prescribed documents along with their application. These documents include the Pass Certificate and Marksheet of Class X (10th), Pass Certificate and Marksheet of Class XII (12th), and the Marksheet of the last examination passed. Candidates who passed the qualifying examination in the specified earlier years must additionally submit proof of not having taken admission elsewhere along with a notarized declaration stating that there are no legal issues. A Character Certificate issued by the Head of the last institution attended is mandatory, with the original to be produced at the time of counseling. Private candidates are required to submit a Character Certificate issued by the Superintendent of Police, District Magistrate, or a Gazetted Officer, certified after the specified date. Reserved category candidates must submit an attested copy of the applicable Caste Certificate or CMO Certificate, with the original to be verified during counseling. For more information on admission procedure, visit https://www.npgc.in/Admission-Procedures.aspx","When applying, make sure to attach self-attested copies of all required documents. This includes your Class 10 and Class 12 pass certificates and marksheets, as well as the marksheet of the last exam you passed. If you completed your qualifying exam in the specified earlier years, you’ll also need to submit proof that you didn’t take admission elsewhere along with a notarized declaration stating there are no legal issues. A Character Certificate from the Head of your last institution is required, and you’ll need to submit the original during counseling. Private candidates must provide a Character Certificate issued by the Superintendent of Police, District Magistrate, or a Gazetted Officer after the specified date. If you are applying under a reserved category, don’t forget to attach an attested copy of your Caste or CMO Certificate and bring the original for counseling. For more information on admission procedure, visit https://www.npgc.in/Admission-Procedures.aspx"
19,How can i change my course?',"","","",""
20,Is there any specialization course I can apply for?',"Specialization courses vary by department and are subject to change over time. For detailed information, contact your Head of Department.",,,
21, 'How can I get my personal details updated in college database',"","","",""
22,'what are the minor subjects for 3rd sem students?',"","","",""
23,'what are the minor subjects for 2nd sem students?',"","","",""
24,'what are the minor subjects for 1st sem students?',"","","",""
25,List the UG course I can apply for?',"The following undergraduate (UG) courses are offered by National PG College: B.A., B.Com., B.Sc., B.B.A., B.B.A. (MS) (discontinued from 2023), B.B.A. (Digital Business), B.C.A., B.Com. (Hons.), B.Com. (eCommerce), B.Voc. (Software Development & E-Governance), B.Voc. (Banking & Finance), B.A.J.M.C., and B.P.H. For more information, visit https://www.npgc.in/Academics-CoursesUG.aspx","National PG College offers a range of undergraduate programs, including B.A., B.Com., B.Sc., B.B.A., and B.B.A. (Digital Business). Other UG courses include B.C.A., B.Com. (Hons.), B.Com. (eCommerce), B.Voc. programs in Software Development & E-Governance and Banking & Finance, B.A.J.M.C., and B.P.H. Please note that B.B.A. (MS) has been discontinued from 2023. For more information, visit https://www.npgc.in/Academics-CoursesUG.aspx","National PG College offers the following Undergraduate (UG) programs: Bachelor of Arts (B.A.), Bachelor of Commerce (B.Com.), Bachelor of Science (B.Sc.), Bachelor of Business Administration (B.B.A.), Bachelor of Business Administration (MS) (discontinued from 2023), Bachelor of Business Administration (Digital Business), Bachelor of Computer Applications (B.C.A.), Bachelor of Commerce (Honours), Bachelor of Commerce (eCommerce), Bachelor of Vocation in Software Development & E-Governance, Bachelor of Vocation in Banking & Finance, Bachelor of Arts in Journalism and Mass Communication (B.A.J.M.C.), and Bachelor of Public Health (B.P.H.). For more information, visit https://www.npgc.in/Academics-CoursesUG.aspx","National PG College offers several UG courses like B.A., B.Com., B.Sc., B.B.A., B.B.A. (Digital Business), and B.C.A. You can also choose from courses such as B.Com. (Hons.), B.Com. (eCommerce), B.Voc. programs in Software Development & E-Governance and Banking & Finance, B.A.J.M.C., and B.P.H. Please note that B.B.A. (MS) has been discontinued from 2023. For more information, visit https://www.npgc.in/Academics-CoursesUG.aspx"
26,List the PG course I can apply for?',"The following postgraduate (PG) courses are offered by National PG College: M.A./M.Sc. (Anthropology), M.A. (Economics), M.A. (English), M.A. (Geography), M.A. (Political Science), M.A. (Psychology), M.Sc. (Chemistry), M.Sc. (Geoinformatics), M.Com, M.Voc. (Software & E-Governance), M.Voc. (Banking, Stock & Insurance), and M.P.H. (Master in Public Health). For more information, visit: https://www.npgc.in/Academics-CoursesPG.aspx","National PG College offers a variety of postgraduate programs, including M.A./M.Sc. in Anthropology, M.A. programs in Economics, English, Geography, Political Science, and Psychology, as well as M.Sc. programs in Chemistry and Geoinformatics. Other PG courses include M.Com, M.Voc. in Software & E-Governance, M.Voc. in Banking, Stock & Insurance, and M.P.H. (Master in Public Health). For more information, visit: https://www.npgc.in/Academics-CoursesPG.aspx","National PG College offers the following Postgraduate (PG) programs: Master of Arts/Master of Science (Anthropology), Master of Arts in Economics, English, Geography, Political Science, and Psychology, Master of Science in Chemistry and Geoinformatics, Master of Commerce, Master of Vocation in Software & E-Governance, Master of Vocation in Banking, Stock & Insurance, and Master of Public Health (M.P.H.). For more information, visit: https://www.npgc.in/Academics-CoursesPG.aspx","At National PG College, you can choose from several PG courses such as M.A./M.Sc. (Anthropology), M.A. programs in Economics, English, Geography, Political Science, and Psychology, and M.Sc. programs in Chemistry and Geoinformatics. The college also offers M.Com, M.Voc. in Software & E-Governance, M.Voc. in Banking, Stock & Insurance, and M.P.H. in Public Health. For more information, visit: https://www.npgc.in/Academics-CoursesPG.aspx"
27, 'What are the certificate courses I can apply for?',"The following certificate courses are offered at National PG College: Certificate Course in Forensic Science – Anthropology Department, Certificate Course in Psychological Counseling – Psychology Department, Effective Communication in English – Computer Science Department, Certificate Course in Computer Science – Computer Science Department, Introduction to Blockchain Technology and Application – Computer Science Department, and Certificate in Robotics and Artificial Intelligence – Physics Department. For more information, visit: https://www.npgc.in/Academics-CoursesCertification.aspx","National PG College offers several certificate courses across departments. You can take the Certificate Course in Forensic Science from the Anthropology Department, or the Certificate Course in Psychological Counseling from the Psychology Department. The Computer Science Department offers Effective Communication in English, a Certificate Course in Computer Science, and Introduction to Blockchain Technology and Application. The Physics Department offers a Certificate in Robotics and Artificial Intelligence. For more information, visit: https://www.npgc.in/Academics-CoursesCertification.aspx","The following certificate programs are available at National PG College: Certificate Course in Forensic Science (Anthropology Department), Certificate Course in Psychological Counseling (Psychology Department), Effective Communication in English (Computer Science Department), Certificate Course in Computer Science (Computer Science Department), Introduction to Blockchain Technology and Application (Computer Science Department), and Certificate in Robotics and Artificial Intelligence (Physics Department). For more information, visit: https://www.npgc.in/Academics-CoursesCertification.aspx","You can enroll in several certificate courses at National PG College: Forensic Science with the Anthropology Department, Psychological Counseling with the Psychology Department, Effective Communication in English, Certificate in Computer Science, and Introduction to Blockchain Technology with the Computer Science Department, and Robotics and Artificial Intelligence with the Physics Department. For more information, visit: https://www.npgc.in/Academics-CoursesCertification.aspx"
28,Does npgc have study centers for distance learning?',"National Post Graduate College (NPGC) has a Distance Learning Centre that serves as a study centre for IGNOU (Indira Gandhi National Open University) and Uttar Pradesh Rajarshi Tandon Open University (UPRTOU). These centres provide certificate, diploma, and degree programs in distance mode, along with regular consultation classes and remedial sessions. NPGC does not offer its own distance learning or online programs independently; it functions solely as a support centre for IGNOU and UPRTOU students.","NPGC has a Distance Learning Centre that acts as a study centre for IGNOU and UPRTOU. If you are enrolled in distance programs through these universities, you can attend consultation classes, remedial sessions, and access support at NPGC. Please note that NPGC does not run its own distance learning or online programs—it only provides assistance to students of IGNOU and UPRTOU.","National Post Graduate College (NPGC) maintains a Distance Learning Centre functioning as a study centre for IGNOU (Indira Gandhi National Open University) and Uttar Pradesh Rajarshi Tandon Open University (UPRTOU). These centres facilitate certificate, diploma, and degree programs in distance mode and organize consultation classes and remedial sessions for enrolled students. NPGC does not independently offer distance learning degrees or online programs; it provides support services for distance learners affiliated with IGNOU and UPRTOU.","NPGC has a Distance Learning Centre where students of IGNOU and UPRTOU can get support. The centre runs certificate, diploma, and degree programs in distance mode and holds consultation classes and remedial sessions. Just so you know, NPGC doesn’t offer its own online or distance programs—it’s mainly a support hub for students from these open universities."
29,From where can i download my course syllabus?',"To access the syllabus, go to the college website, click the three lines on the side of the blue bar, select Students Corner, then choose Downloads, and finally select Syllabus from the drop-down menu. Here's the link: https://www.npgc.in/StudentSupport-Downloads.aspx","You can find the syllabus by visiting the college website. Click the three lines on the blue bar, go to Students Corner, select Downloads, and then pick Syllabus from the drop-down menu. Here's the link: https://www.npgc.in/StudentSupport-Downloads.aspx","To download the syllabus, please navigate to the college website, click the menu icon on the blue bar, access Students Corner, select Downloads, and choose Syllabus from the drop-down options. Here's the link: https://www.npgc.in/StudentSupport-Downloads.aspx","Want to check the syllabus? Head to the college website, tap the three-line menu on the blue bar, go to Students Corner, click Downloads, and then select Syllabus from the drop-down. Here's the link: https://www.npgc.in/StudentSupport-Downloads.aspx"
30,How do I apply for scholarship?',"","","",""
31,What is the eligibility for scholarship?',"UP Scholarship eligibility requires the applicant to be a permanent resident of Uttar Pradesh and enrolled in an institution registered on the UP Scholarship portal. Income limits are as follows: OBC – less than ₹2,00,000; General/Minority/SC/ST – less than ₹2,50,000. For Post-Matric scholarships, applicants are generally required to have passed the previous year’s examination. A valid UP domicile certificate, caste certificate, Rashan card or other state-issued proof of residence is typically required for verification before disbursal. Note: Scholarship notice is always shared by the department head  which includes application due date and eligibility criteria.","To apply for the UP Scholarship, make sure you are a permanent resident of Uttar Pradesh and studying at an institution listed on the UP Scholarship portal. Check that your family income meets the limits: OBC – below ₹2,00,000; General/Minority/SC/ST – below ₹2,50,000. If you are applying for a Post-Matric scholarship, ensure you have passed the previous year’s exam. Keep your UP domicile or caste certificate handy, as officials may require it for verification before funds are disbursed. Note: Scholarship notice is always shared by the department head  which includes application due date and eligibility criteria.","Eligibility for the UP Scholarship is limited to students who are permanent residents of Uttar Pradesh and enrolled in institutions registered on the UP Scholarship portal. Income criteria are as follows: OBC – less than ₹2,00,000; General, Minority, SC, ST – less than ₹2,50,000. For Post-Matric scholarships, applicants are generally expected to have successfully completed the preceding academic year. A valid UP domicile certificate, caste certificate, or other state-issued proof of residence is required for verification prior to the disbursal of scholarship funds. Note: Scholarship notice is always shared by the department head  which includes application due date and eligibility criteria.","To be eligible for the UP Scholarship, you need to be a permanent resident of Uttar Pradesh and study at a college registered on the UP Scholarship portal. Your family income should be below ₹2,00,000 if you’re OBC, and below ₹2,50,000 if you’re General, Minority, SC, or ST. For Post-Matric scholarships, you usually need to have passed last year’s exam. Also, make sure you have a UP domicile certificate or caste certificate ready, as it’s often checked before the scholarship money is released. Note: Scholarship notice is always shared by the department head  which includes application due date and eligibility criteria."
32,How much money is credited in scholarship?',"The UP scholarship amount is calculated based on the course pursued, the student’s category (SC/ST/OBC/Minority/General), family annual income, type of institution (government or private), and the tuition fees and eligible allowances for the course.","Your UP scholarship amount depends on several factors: the course you are pursuing, your category (SC/ST/OBC/Minority/General), your family’s annual income, whether you study in a government or private institution, and the tuition fees and eligible allowances for your course.","The calculation of the UP scholarship amount takes into account the course, the student’s category (SC/ST/OBC/Minority/General), family annual income, type of institution (government or private), and the tuition fees along with any eligible allowances for the respective course.","The amount you get from the UP scholarship depends on a few things: what course you are pursuing, your category (SC/ST/OBC/Minority/General), your family’s yearly income, whether your college is government or private, and the tuition fees plus any allowances for your course."
33,ls scholarship different for SC/ST/OBC/General?',"No, the UP scholarship form is the same for all social categories; however, the disbursement amount varies for each social group","The scholarship form is the same for every social category, but the amount you receive will differ depending on your social group.","The UP scholarship application form is uniform across all social categories; however, the scholarship disbursement amount is determined according to the applicant’s social group.","You use the same form no matter your social category, but the scholarship amount you get will be different for each group."
34,When do we get scholarship amount?',The scholarship amount starts to be disbursed after one or two months of application submission. You can check your UP Scholarship status at https://scholarship.up.gov.in,"After submitting your application, the scholarship amount is usually disbursed within one to two months. Applicants are advised to check their UP Scholarship status on https://scholarship.up.gov.in",It is informed that the scholarship amount is disbursed approximately one to two months after the submission of the application. Students may check their UP Scholarship status through the official website: https://scholarship.up.gov.in,"Once you submit your application, the scholarship amount usually comes in a month or two. You can keep track of your UP Scholarship status at https://scholarship.up.gov.in"
35, 'What is the last date for fee payment?',"","","",""
36, 'what is my  college fee per semester?',"","","",""
37, 'What are the accpted methods for fee payment?',"","","",""
38,Can I pay my fees online?',"Yes, students can now submit college fees online using the portal npgcfees.in.",Students can conveniently pay their college fees online by accessing the portal npgcfees.in.,It is hereby informed that students are required to submit their college fees online through the official portal: npgcfees.in.,You can now pay your college fees online anytime at npgcfees.in.
39,Is it possible to pay fees in installments?',"","","",""
40,does college refund fees after admission?',"","","",""
41,Is there any fine for delayed payment?',"Yes, if a student pays their fees after the due date, a late fee of Rs. 500/- will be charged.","If you pay your fees after the due date, please note that a late fee of Rs. 500/- will apply.",Students who submit their fees after the specified due date are required to pay an additional late fee of Rs. 500/-.,"Yes, if you miss the fee deadline, you’ll need to pay an extra Rs. 500/- as a late fee"
42,How do I get a library card?',"","","",""
43, 'What happens if I lose a library card?',"","","",""
44, 'What is the timing of library?',The library timing is as follows: on working days – 08 hours; before examination days – 08 hours; during examination days – 10 hours; and during vacations – 04 hours.,"Students are advised to note that the library operates for 08 hours on working days and before examination days, 10 hours during examination days, and 04 hours during vacations.","It is hereby notified that the library shall remain open for 08 hours on working days and before examination days, for 10 hours during examination days, and for 04 hours during vacation periods.","Here’s the library schedule for you: it’s open for 08 hours on working days and before exams, 10 hours during exam days, and 04 hours during vacations."
45,What are reading room timings?',"","","",""
46,Is there any digital library/e-resources access?',"Yes, the NPGC website offers e-resources to study for exams and assist with the course syllabus. Link to access the study material: https://www.npgc.in/StudentSupport-OnlineStudyMaterial.aspx",Students can make use of the e-resources available on the NPGC website to prepare for exams and support their course syllabus. Link to access the study material: https://www.npgc.in/StudentSupport-OnlineStudyMaterial.aspx,It is informed that the NPGC website provides e-resources to assist students in exam preparation and understanding of the course syllabus. Link to access the study material: https://www.npgc.in/StudentSupport-OnlineStudyMaterial.aspx,Yes! The NPGC website has helpful e-resources you can use to study for exams and get support with your course syllabus. Link to access the study material: https://www.npgc.in/StudentSupport-OnlineStudyMaterial.aspx
47,what is the fine for late return of books?',"","","",""
48,how can i borrow books from library?',You can borrow books from the library by using a library card. A student can issue up to 6 books per semester. The book code must be entered on the library card and signed by the librarian.,"To borrow books from the library, students need to have a valid library card. Each student is allowed to issue up to 6 books per semester. Ensure that the book code is recorded on your library card and signed by the librarian.",Students are informed that books may be issued from the library only upon presentation of a valid library card. A student may issue up to 6 books per semester. The book code must be duly entered on the library card and authenticated by the librarian’s signature.,Borrowing books is easy! Just make sure you have your library card. You can issue up to 6 books per semester—don’t forget to write the book code on your card and get it signed by the librarian.
49, 'What are the office working hours?',College office hours are Monday to Saturday from 08:00 AM to 04:00 PM. The office remains closed on Sundays.,Students are advised to visit the college office between 08:00 AM and 04:00 PM from Monday to Saturday. The office is closed on Sundays.,"It is hereby notified that the college office operates from 08:00 AM to 04:00 PM, Monday through Saturday, and remains closed on Sundays.","The college office is open from 08:00 AM to 04:00 PM, Monday to Saturday, and stays closed on Sundays."
50,How many books can I issue at once?',"A student can issue up to 6 books per semester. For more information regarding library rules, visit https://www.npgc.in/Library-Rules.aspx","Students are allowed to issue up to 6 books per semester. Please note that dictionaries and encyclopedias are not issued. For detailed library rules, refer to https://www.npgc.in/Library-Rules.aspx",It is hereby informed that a student may issue a maximum of 6 books per semester. Dictionaries and encyclopedias are not issued to students. Further details regarding library rules are available at https://www.npgc.in/Library-Rules.aspx,"You can issue up to 6 books in a semester, but dictionaries and encyclopedias aren’t issued. For more details on library rules, check out https://www.npgc.in/Library-Rules.aspx"
51,Is there wifi on campus?',"Yes, the college campus is served by Wi-Fi/internet access for students.",Students can access Wi-Fi/internet facilities across the college campus for academic use.,It is informed that the college campus is equipped with Wi-Fi/internet access for student use.,Yes! Students can use Wi-Fi/internet access across the college campus.
52, 'What is the menu of canteen?',"","","",""
53, 'Are there any computer labs or science labs?',"","","",""
54,what are the sports facilities in college?',"Various sports activities, competitions, tournaments, and events are organized in the college. Inter-degree collegiate cricket tournaments and annual athletic meets are held by the Department of Sports and Physical Education. Students are provided with equipment, training, and facilities to participate in sports events organized by other agencies and higher education institutions.","Students can take part in various sports activities, competitions, tournaments, and events organized by the college. The Department of Sports and Physical Education conducts inter-degree collegiate cricket tournaments and annual athletic meets. Proper equipment, training, and facilities are provided for participation in sports events conducted by other agencies and higher education institutions.","It is hereby informed that the college organizes various sports activities, competitions, tournaments, and events. Inter-degree collegiate cricket tournaments and annual athletic meets are conducted by the Department of Sports and Physical Education. Students are provided with necessary equipment, training, and facilities to participate in sports events organized by external agencies and institutions of higher education.","The college hosts lots of sports activities, competitions, tournaments, and events! The Department of Sports and Physical Education runs inter-degree cricket tournaments and annual athletic meets. Plus, students get equipment, training, and support to join sports events organized by other agencies and colleges."
55, 'Where can I find the medical room?',"There is no specific medical room or infirmary in the college; however, all departments have been provided with first-aid kits to handle emergencies. Medical centres are located close to the college, where patients from the college are attended to on a priority basis.","Although the college does not have a dedicated medical room or infirmary, all departments are equipped with first-aid kits for emergency situations. In case of further medical needs, nearby medical centres attend to college patients on a priority basis.","The college does not maintain a dedicated medical room or infirmary. However, first-aid kits have been provided in all departments to address emergency situations. Additionally, nearby medical centres attend to patients from the college on a priority basis.","There isn’t a separate medical room or infirmary on campus, but every department has first-aid kits for emergencies. Also, medical centres near the college give priority treatment to students and staff from the college."
56,Is there any transport facility in college?',"","","",""
57,what documents are required for mst?',"","","",""
58, 'What documents are required for hostel admission?',"","","",""
59,How to apply for alumni cell?',"Students can join the alumni cell by contacting the head of the cell, Mr. Amit Srivastava (Assistant Professor, Computer Science Department).","Students interested in joining the alumni cell should reach out to Mr. Amit Srivastava, Assistant Professor in the Computer Science Department and head of the cell.","It is hereby informed that students may join the alumni cell by contacting Mr. Amit Srivastava, Assistant Professor of the Computer Science Department and head of the alumni cell.","If you’d like to join the alumni cell, just contact Mr. Amit Srivastava, Assistant Professor in the Computer Science Department and the head of the cell."
60,what are the alumni events?',"The alumni meet is organized every year to foster connections between current and graduate students. The 2025 Alumni Meet, themed ""Naqsh-e-Awadh: The Legacy Trail,"" included a heritage walk.","Students and alumni are encouraged to participate in the annual alumni meet, which strengthens connections between current and graduate students. The 2025 edition, themed ""Naqsh-e-Awadh: The Legacy Trail,"" featured a heritage walk.","It is hereby informed that the alumni meet is held annually to promote interaction between current and graduate students. The 2025 Alumni Meet, conducted under the theme ""Naqsh-e-Awadh: The Legacy Trail,"" incorporated a heritage walk.","Every year, the alumni meet brings current and graduate students together. The 2025 meet, themed ""Naqsh-e-Awadh: The Legacy Trail,"" even had a heritage walk!"
61,what is alumni cell ?,"The Alumni Cell of National Post Graduate College (NPGC), Lucknow, maintains connections between the college and its alumni through networking, events, and mentorship. The cell serves as a bridge between alumni, current students, and the college administration.","Alumni are encouraged to engage with the NPGC Alumni Cell, which fosters lasting connections through networking, events, and mentorship. It connects former students, current students, and the college administration.","It is hereby informed that the Alumni Cell of National Post Graduate College (NPGC), Lucknow, facilitates enduring ties between the institution and its alumni through organized events, networking initiatives, and mentorship programs. It functions as a liaison among alumni, current students, and the college administration.","The NPGC Alumni Cell keeps alumni connected to the college through networking, events, and mentorship. The cell is a great way for former students, current students, and the college to stay in touch!"
62,How to apply for placement cell?',"Applicants can contact the Placement and Training Cell at placement@npgc or through the phone number listed on the college website(https://www.npgc.in/StudentSupport-Placements.aspx) to inquire about joining placement cells. Students may also contact the head of the cell, Dr. Shalini Lamba (HOD of Computer Science) or Mr. Abhinav Dwivedi (Training and Placement Officer).","To learn how to join or participate in placement cells, applicants can email the Placement and Training Cell at placement@npgc or call the phone number provided on the college website(https://www.npgc.in/StudentSupport-Placements.aspx). Students can also reach out to the head of the cell, Dr. Shalini Lamba (HOD of Computer Science) or Mr. Abhinav Dwivedi (Training and Placement Officer).","Applicants seeking information on joining or participating in placement cells may contact the Placement and Training Cell via email at placement@npgc or through the contact number available on the college website(https://www.npgc.in/StudentSupport-Placements.aspx). Additionally, students may approach the head of the cell, Dr. Shalini Lamba, Head of the Department of Computer Science or Mr. Abhinav Dwivedi (Training and Placement Officer).","If you want to know how to join or take part in placement cells, you can email the Placement and Training Cell at placement@npgc or call the number listed on the college website(https://www.npgc.in/StudentSupport-Placements.aspx). You can also reach out to the cell head, Dr. Shalini Lamba, HOD of Computer Science or Mr. Abhinav Dwivedi (Training and Placement Officer)."
63,Who is the principal of the college?',Dr. Devendra Kumar Singh is the principal of National PG College.,Dr. Devendra Kumar Singh is the principal of National PG College.,Dr. Devendra Kumar Singh is the principal of National PG College.,Dr. Devendra Kumar Singh is the principal of National PG College.
64,Whom to contact if I lose my belongings on campus?',"","","",""
65,Does the college publish any journal?',"The NPGC Intellectus is an international, multidisciplinary, peer-reviewed journal focusing on technological, organizational, and social domains. The journal publishes research addressing relevant problems in the planning, analysis, design, implementation, exploration, and management of information systems. It includes original research papers from Science and Technology, Arts and Humanities, and Commerce and Management. For more information regarding previous publications, guidelines for submission or contact information, students can visit: https://npgcij.com or  If any query regarding publication, contact on +91 7905035668.","NPGC Intellectus is an international, multidisciplinary, peer-reviewed journal that focuses on technological, organizational, and social domains. It publishes research related to planning, analysis, design, implementation, exploration, and management of information systems. The journal accepts original research papers from Science and Technology, Arts and Humanities, and Commerce and Management. For more information regarding previous publications, guidelines for submission or contact information, students can visit: https://npgcij.com or  If any query regarding publication, contact on +91 7905035668.","NPGC Intellectus is an international, multidisciplinary, peer-reviewed journal with a focus on technological, organizational, and social domains. The journal publishes original research addressing key issues in the planning, analysis, design, implementation, exploration, and management of information systems. Contributions are accepted from the fields of Science and Technology, Arts and Humanities, and Commerce and Management. For more information regarding previous publications, guidelines for submission or contact information, students can visit: https://npgcij.com or  If any query regarding publication, contact on +91 7905035668.","The NPGC Intellectus is an international, multidisciplinary, peer-reviewed journal that covers technological, organizational, and social areas. It publishes research that looks at real-world problems in planning, analysis, design, implementation, exploration, and management of information systems, and includes original research papers from Science and Technology, Arts and Humanities, and Commerce and Management.For more information regarding previous publications, guidelines for submission or contact information, students can visit: https://npgcij.com or  If any query regarding publication, contact on +91 7905035668."
66, 'Are internships provided by the college?',"Yes, the placement cell facilitates internships and training programs for students by inviting companies and organizing opportunities for internships and placements. The placement team structure includes a dedicated internship department to support this process. For more information, follow placementcell.npgc on Instagram or PLACEMENT CELL NPGC on the WhatsApp channel or email at placement@npgc or visit https://www.npgc.in/StudentSupport-Placements.aspx","The placement cell helps students with internships and training programs by inviting companies and organizing internship and placement opportunities. The placement team also has a dedicated internship department to support this process. To stay updated on placement and internship opportunities, follow placementcell.npgc on Instagram or PLACEMENT CELL NPGC on the WhatsApp channel or email at placement@npgc or visit https://www.npgc.in/StudentSupport-Placements.aspx",The placement cell facilitates internships and training programs for students by inviting companies and organizing opportunities for internships and placements. The placement team structure includes a designated internship department to support this process. Updates regarding placement and internship opportunities are shared through placementcell.npgc (Instagram) and PLACEMENT CELL NPGC (WhatsApp channel) or students can email at placement@npgc or visit https://www.npgc.in/StudentSupport-Placements.aspx,"Yes! The placement cell helps students get internships and training programs by inviting companies and organizing internship and placement opportunities. There’s even a dedicated internship department in the placement team for support. To stay in the loop, follow placementcell.npgc on Instagram, the PLACEMENT CELL NPGC WhatsApp channel or you can email at placement@npgc or  visit https://www.npgc.in/StudentSupport-Placements.aspx"
67,What companies visit for campus placements?',"Some of the major recruiters of the college include Zomato, Blinkit, Amazon, Infosys, TELUS Digital, IDFC FIRST Bank, ICICI Bank, LuLu Mall, Nectar Infotel, Tech Mahindra, Bajaj Finserv, Godrej, Axis Max, TATA TCS, Birla Opus, HCL Tech, and Jaro Education, among many others. For more information, visit the official placements page on the college website: https://www.npgc.in/StudentSupport-Placements.aspx","You can find several major recruiters associated with the college, such as Zomato, Blinkit, Amazon, Infosys, TELUS Digital, IDFC FIRST Bank, ICICI Bank, LuLu Mall, Nectar Infotel, Tech Mahindra, Bajaj Finserv, Godrej, Axis Max, TATA TCS, Birla Opus, HCL Tech, and Jaro Education, among others. To learn more, please check the official placements page of the college website: https://www.npgc.in/StudentSupport-Placements.aspx","Some of the prominent recruiters of the college include Zomato, Blinkit, Amazon, Infosys, TELUS Digital, IDFC FIRST Bank, ICICI Bank, LuLu Mall, Nectar Infotel, Tech Mahindra, Bajaj Finserv, Godrej, Axis Max, TATA TCS, Birla Opus, HCL Tech, and Jaro Education, among many others. Detailed information is available on the official placements page of the college website: https://www.npgc.in/StudentSupport-Placements.aspx","Some of the major companies that recruit from our college include Zomato, Blinkit, Amazon, Infosys, TELUS Digital, IDFC FIRST Bank, ICICI Bank, LuLu Mall, Nectar Infotel, Tech Mahindra, Bajaj Finserv, Godrej, Axis Max, TATA TCS, Birla Opus, HCL Tech, Jaro Education, and many more. For more details, check out the college’s official placements page: https://www.npgc.in/StudentSupport-Placements.aspx"
68,placement season in college?',"","","",""
69,Does college offers any hostel?',"The college provides hostel accommodation for students from other cities and states. Separate hostels are available for girls with a capacity of approximately 155 students and for boys with a capacity of approximately 100 students. The hostels are well managed and maintain discipline. Hostel facilities include internet access, air-conditioned rooms, generator sets, water coolers with purifiers, geysers, meditation rooms, a cultural hall, a common reading area, common rooms with televisions (DTH), a gymnasium and yoga center, a badminton court and indoor games, a mess facility, CCTV security, medical facilities, and a furnished guest house for parents of inmates.","Students coming from other cities or states can avail hostel accommodation provided by the college. There are separate hostels for girls (around 155 capacity) and boys (around 100 capacity), both of which are well managed and disciplined. The hostels offer facilities such as internet access, air-conditioned rooms, generator sets, water coolers with purifiers, geysers, meditation rooms, a cultural hall, a common reading area, TV common rooms with DTH, a gymnasium and yoga center, a badminton court and indoor games, mess facilities, CCTV security, medical support, and a furnished guest house for parents of inmates.","The college offers hostel accommodation to students from other cities and states. Separate hostels are available for girls with an approximate capacity of 155 students and for boys with an approximate capacity of 100 students. The hostels are well managed and operate with discipline. Hostel amenities include internet connectivity, air-conditioned rooms, generator backup, water coolers with purifiers, geysers, meditation rooms, a cultural hall, common reading areas, common rooms equipped with DTH television, a gymnasium and yoga center, badminton courts and indoor games, mess facilities, CCTV surveillance, medical facilities, and a furnished guest house for parents of inmates.","Yes, the college provides hostel facilities for students from other cities and states. There are separate hostels for girls (around 155 capacity) and boys (around 100 capacity), and they’re known to be well managed and disciplined. The hostels come with lots of facilities like internet access, air-conditioned rooms, power backup, water coolers with purifiers, geysers, meditation rooms, a cultural hall, common reading spaces, TV common rooms with DTH, a gym and yoga center, badminton and indoor games, mess facilities, CCTV security, medical support, and even a furnished guest house for parents of inmates."
70, 'What are the hostel mess timings and menu details?',"","","",""
71, 'What's the process for hostel admission or complaints?',"","","",""
72, 'rules we need to follow in hostels?',"","","",""
73, 'Where to report maintenance problems',"","","",""
74,How to book auditoriums for events?',"","","",""
75,Does college organise the farewell party?',"No, the college does not organise any parties for students.",The college does not host or organise parties for students.,The college does not arrange or conduct any parties for its students.,"Nope, the college doesn’t organise any student parties."
76,Does college organise the fresher party?',"No, the college does not organise any parties for students.",The college does not host or organise parties for students.,The college does not arrange or conduct any parties for its students.,"Nope, the college doesn’t organise any student parties."
,"","","","",
78,'how can i participate in a college event?',"To participate in college events, stay updated through notice boards, the college website, or social media. Contact the host or organiser, register or sign up for events, attend any required orientation or meetings, and actively engage in the event. Enthusiasm and teamwork are important.","If you want to take part in college events, make sure to keep an eye on announcements via notice boards, the college website, or social media. Reach out to the event host or organiser, register for the event, attend any necessary orientations or meetings, and actively participate. Bringing energy and teamwork will make your experience better.","To participate in college events, students should monitor announcements on notice boards, the official college website, or social media channels. They are required to contact the host or organiser, complete registration procedures, attend any mandatory orientations or meetings, and actively engage in the event. Demonstrating enthusiasm and effective teamwork is expected.","Want to join college events? Keep an eye on announcements on notice boards, the college website, or social media, get in touch with the host or organiser, sign up, attend any briefings if needed, and dive into the event. Being enthusiastic and working well with others goes a long way!"
79,'Are there any students clubs?',"NCC (National Cadet Corps) – A voluntary service-oriented cadet program providing discipline, military training, and opportunities to participate in camps and events.
NSS (National Service Scheme) – A social service unit focusing on community engagement, outreach activities, cleanliness drives, health awareness, environmental programs, and more.
Rovers & Rangers Club (Scouts & Guides) – A club promoting service, discipline, leadership, and various outdoor and community activities.
C.B. Gupta Literary & Cultural Club – A club dedicated to promoting literary and cultural interests among students.
Sports & Games Club – Organises sports events, competitions, and physical-education-related activities.
The college also has committees such as the Students’ Welfare Committee, Committee for Cultural Activities, Library Committee, and Magazine Committee, where students can take active roles and contribute to campus life.","Students can get involved in several clubs and committees at the college:
NCC (National Cadet Corps) – Join for discipline, military training, and participation in camps and events.
NSS (National Service Scheme) – Engage in community service, cleanliness drives, health awareness, and environmental programs.
Rovers & Rangers Club – Develop leadership and discipline while participating in outdoor and community activities.
C.B. Gupta Literary & Cultural Club – Explore literary and cultural interests.
Sports & Games Club – Take part in sports events, competitions, and physical education activities.
Students can also actively contribute through committees such as the Students’ Welfare Committee, Committee for Cultural Activities, Library Committee, and Magazine Committee.","The college offers multiple clubs and committees for student participation:
NCC (National Cadet Corps) – A voluntary, service-oriented cadet program providing discipline, military training, and opportunities for participation in camps and events.
NSS (National Service Scheme) – A social service unit focusing on community engagement, outreach, cleanliness drives, health awareness, environmental programs, and related activities.
Rovers & Rangers Club (Scouts & Guides) – A club promoting service, discipline, leadership, and outdoor and community activities.
C.B. Gupta Literary & Cultural Club – A club dedicated to fostering literary and cultural interests among students.
Sports & Games Club – Organises sports events, competitions, and physical education activities.
In addition, the college maintains committees such as the Students’ Welfare Committee, Committee for Cultural Activities, Library Committee, and Magazine Committee, providing avenues for active student participation in campus life.","There are plenty of clubs and committees you can join at college:
NCC (National Cadet Corps) – Great for learning discipline, military training, and joining camps and events.
NSS (National Service Scheme) – Get involved in community service, cleanliness drives, health programs, and environmental activities.
Rovers & Rangers Club – Build leadership skills and have fun with outdoor and community activities.
C.B. Gupta Literary & Cultural Club – Perfect for students who love literature and culture.
Sports & Games Club – Take part in sports events, competitions, and physical activities.
Plus, you can actively contribute through committees like the Students’ Welfare Committee, Committee for Cultural Activities, Library Committee, and Magazine Committee, helping make campus life more vibrant."
80,How big is the campus?',"","","",""
81, 'What is the grading system ?',"","","",""
,Can I submit my research online?,"","","",""
83,What are the library facilities?',"Library facilities include photocopying and printouts, newspapers, Employment News, competitive study material, and a section for toppers’ answer copies and previous years’ question papers.","Students can make use of various library facilities such as photocopying and printout services, newspapers, Employment News, competitive exam study material, and a dedicated section for toppers’ answer copies and previous years’ question papers.","It is hereby informed that the library provides facilities including photocopying and printout services, newspapers, Employment News, competitive study material, and a section containing toppers’ answer copies and previous years’ question papers.","The library has lots of helpful facilities—photocopying and printouts, newspapers, Employment News, competitive study material, plus a section with toppers’ answer copies and previous years’ question papers."
84,What are the different departments available in the college?,"","","",""
85,Who is the Head of the Department (HOD) of Chemistry Department?,Dr. Gyanendra Kumar is the Head of the Chemistry Department.,Students should note that Dr. Gyanendra Kumar serves as the Head of the Chemistry Department.,Dr. Gyanendra Kumar holds the position of Head of the Chemistry Department.,Dr. Gyanendra Kumar is the Head of the Chemistry Department.
86,Where is the department office located? ,The Chemistry Department lab is located on the first floor of the Science Block.,Students can access the Chemistry Department lab on the first floor of the Science Block.,It is hereby informed that the laboratory of the Chemistry Department is situated on the first floor of the Science Block.,You’ll find the Chemistry Department lab on the first floor of the Science Block.
87,What are the office hours of the department?,The Chemistry department office is open from 8:00 AM to 2:00 PM.,"If you need assistance from the Chemistry department office, please visit between 8:00 AM and 2:00 PM.",The Chemistry Department office hours are from 8:00 AM to 2:00 PM.,"The Chemistry office is open from 8 in the morning until 2 in the afternoon, so you can drop by anytime then."
88,Who should I contact for chemistry lab-related issues?,You should report any lab related issues to the Head of the Department (HOD) i.e. Dr. Gyanendra Kumar.,Students are advised to report any issues with lab equipment directly to the Head of the Department (HOD)i.e. Dr. Gyanendra Kumar.,Any problems related to laboratory should be reported to the Head of the Department (HOD) i.e. Dr. Gyanendra Kumar.,"If you face any issues in lab, just let the Head of the Department (HOD) know i.e. Dr. Gyanendra Kumar."
89,How can I report a problem with lab equipment or software?,You should report any lab equipment or software issues to the Head of the Department (HOD).,Students are advised to report any issues with lab equipment or software directly to the Head of the Department (HOD).,Any problems related to laboratory equipment or software should be reported to the Head of the Department (HOD).,"If you face any issues with lab equipment or software, just let the Head of the Department (HOD) know."
90,What are the departmental rules for internal assessments?,Internal assessment rules follow the college norms.,Please ensure that all internal assessments adhere to the rules set by the college.,Internal assessment regulations are implemented in accordance with the established college norms.,
91,Who should I contact for departmental grievances or complaints?,"For departmental grievances or complaints, contact Dr. Gyanendra Kumar.","If you have any departmental grievances or complaints, please reach out to Dr. Gyanendra Kumar for assistance.",All departmental grievances or complaints should be directed to Dr. Gyanendra Kumar.,
92,How can I update my contact information with the department?,"","","",""
93,What are the attendance requirements in my department?,"","","",""
94,How can I request subject change or additional subject approval?,"","","",""
95,Who should I contact for lost things in the department building?,"","","",""
96, How can I submit my research paper through the department? ,"","","",""
97, Any specialisation course? ,"","","",""
,"","","","",
99, Where is the lab located?,"","","",""
100,Is there any college magazine?,"NPGC publishes its own magazines and periodicals:

Abhivyakti – Annual college magazine featuring poems, stories, articles, news items, photographs, and achievements, with contributions from students and faculty.

In‑Sight – Monthly magazine focused on campus events and announcements, also accepting contributions relevant to student activities.
Additional publications include e-newsletters and other scholarly or departmental releases, such as monographs, research papers, leaflets, pamphlets, and souvenirs for special occasions.","NPGC produces several publications for students and faculty. The Abhivyakti is an annual college magazine with poems, stories, articles, news items, photographs, and achievements contributed by both students and faculty. The In‑Sight is a monthly magazine highlighting campus events and announcements, and it also welcomes contributions related to student activities. The college also publishes e-newsletters and other scholarly or departmental materials, including monographs, research papers, leaflets, pamphlets, and souvenirs for special occasions.","NPGC publishes official magazines and periodicals, including:

Abhivyakti – An annual college magazine comprising poems, stories, articles, news items, photographs, and achievements, with contributions from students and faculty.

In‑Sight – A monthly magazine dedicated to campus events and announcements, which also accepts submissions relevant to student activities.
Additional publications encompass e-newsletters and other scholarly or departmental releases, such as monographs, research papers, leaflets, pamphlets, and souvenirs for special occasions.","NPGC has its own magazines and periodicals. Abhivyakti is the annual college magazine, full of poems, stories, articles, news, photos, and achievements from both students and faculty. In‑Sight is a monthly magazine about campus events and announcements, and it’s happy to include contributions related to student activities. The college also puts out e-newsletters and other materials like monographs, research papers, leaflets, pamphlets, and souvenirs for special occasions."
101, What is the syllabus?,"","","",""
102, Are there any internship opportunities provided by the department?,"","","",""
103,How can I access the lab after hours?,"","","",""
104, How many labs in Chemistry Department?,"","","",""
105, Who is the Placement incharge?,"","","",""
106, What are the lab safety guidelines I need to follow?(science),"","","",""
107, What minor or vocational courses are offered?,"","","",""
108, How to apply for alumni cell?,"","","",""
,"","","","",
,"","","","",
111,What companies visit for campus placements?,"","","",""
112,How can students get their work published in college magazines?,"","","",""
113, Where to get information about internships or placements?,Information regarding internships or placements can be obtained from the department head or the placement cell head. You may also contact any member of the placement team. Updates are available on placementcell.npgc (Instagram page) and PLACEMENT CELL NPGC (WhatsApp channel).,"To get information about internships or placements, you can contact the department head or the placement cell head. You may also reach out to any member of the placement team. Additionally, follow placementcell.npgc on Instagram or PLACEMENT CELL NPGC on the WhatsApp channel for updates.",Information related to internships or placements may be obtained from the department head or the placement cell head. Students may also approach any member of the placement team. Updates regarding internships and placements are shared through placementcell.npgc (Instagram) and PLACEMENT CELL NPGC (WhatsApp channel).,"For internship or placement information, you can talk to the department head or the placement cell head. You can also connect with any member of the placement team. For updates, follow placementcell.npgc on Instagram or the PLACEMENT CELL NPGC WhatsApp channel."
114, Whom to contact for recommendation letters?,"For recommendation letters, contact the head of department.","If you need a recommendation letter, please contact the head of department.",Requests for recommendation letters should be directed to the head of department.,"For recommendation letters, just reach out to the head of department."
115,Who is the Head of the Management Department?,Dr. Nidhi Srivastava is the Head of the Management Department.,Students should note that Dr. Nidhi Srivastava serves as the Head of the Management Department.,Dr. Nidhi Srivastava holds the position of Head of the Management Department.,Dr. Nidhi Srivastava is the Head of the Management Department.
116,Who is the Head of the Psychology Department?,Dr. Jagriti Shukla is the Head of the Psychology Department.,Students should note that Dr. Jagriti Shukla serves as the Head of the Psychology Department.,Dr. Jagriti Shukla holds the position of Head of the Psychology Department.,Dr. Jagriti Shukla is the Head of the Psychology Department.
128,Are there any internship opportunities provided by the Management Department?,"Yes, the Management Department provides internship opportunities.",Students can explore internship opportunities offered by the Management Department.,It is hereby informed that the Management Department facilitates internship opportunities for students.,Yes! The Management Department also offers internship opportunities for students.
129,Are there any internship opportunities provided by the Psychology Department?,"Yes, the Psychology Department provides internship opportunities.",Students can explore internship opportunities offered by the Psychology Department.,It is hereby informed that the Psychology Department facilitates internship opportunities for students.,Yes! The Psychology Department also offers internship opportunities for students.
119,Who should I contact for lab-related issues in the Psychology Department?,You should report any lab related issues to the Head of the Department (HOD).,Students are advised to report any issues with lab equipment directly to the Head of the Department (HOD).,Any problems related to laboratory should be reported to the Head of the Department (HOD).,"If you face any issues in lab, just let the Head of the Department (HOD) know."
120,How can I report lab equipment or software issues in the Management Department?,You should report any lab equipment or software issues to the Head of the Department (HOD).,Students are advised to report any issues with lab equipment or software directly to the Head of the Department (HOD).,Any problems related to laboratory equipment or software should be reported to the Head of the Department (HOD).,"If you face any issues with lab equipment or software, just let the Head of the Department (HOD) know."
121,How can I report lab equipment or software issues in the Psychology Department?   ,You should report any lab equipment or software issues to the Head of the Department (HOD).,Students are advised to report any issues with lab equipment or software directly to the Head of the Department (HOD).,Any problems related to laboratory equipment or software should be reported to the Head of the Department (HOD).,"If you face any issues with lab equipment or software, just let the Head of the Department (HOD) know."
122,Are there any specialization courses in the Management Department?,"Yes, the Management Department offers specialization courses in Digital Business and Personal Finance and Wealth Management.",Students can choose specialization courses in Digital Business or Personal Finance and Wealth Management offered by the Management Department.,It is hereby informed that the Management Department provides specialization courses in Digital Business and in Personal Finance and Wealth Management.,Yes! The Management Department offers specializations in Digital Business and Personal Finance & Wealth Management.
123,Are there any specialization courses in the Psychology Department?,"No, the Psychology Department does not offer any specialization courses.",Students should note that the Psychology Department currently does not provide any specialization courses.,It is hereby informed that the Psychology Department does not offer any specialization courses.,Nope! The Psychology Department doesn’t have any specialization courses.
124,Where is the lab of the Psychology Department located?,The Psychology Department lab is located on the second floor of the Academic Block.,Students can access the Psychology Department lab on the second floor of the Academic Block.,The laboratory of the Psychology Department is situated on the second floor of the Academic Block.,The Psychology Department lab is on the second floor of the Academic Block.
125, Where is the lab of the Management Department located?,The Management Department lab is located on the third floor of the Science Block.,Students can access the Management Department lab on the third floor of the Science Block.,It is hereby informed that the laboratory of the Management Department is situated on the third floor of the Science Block.,You’ll find the Management Department lab on the third floor of the Science Block.
126,How many labs are there in the Psychology Department?,The Psychology Department has one laboratory.,Students can make use of the laboratory available in the Psychology Department.,The Psychology Department is equipped with one laboratory.,The Psychology Department has a single laboratory.
127,How many labs are there in the Management Department?,The Management Department has one laboratory.,Students can make use of the laboratory available in the Management Department.,The Management Department is equipped with one laboratory.,The Management Department has a single laboratory.
128,hello,hey..what's up?, yo ! how can i help you, hello! ask me anything, hii!